end_date,p_wt,t_wt,success_rate
12/31/2022,0.0,1.0,0.537712895377129
12/31/2022,0.01,0.99,0.5352798053527981
12/31/2022,0.02,0.98,0.5304136253041363
12/31/2022,0.03,0.97,0.5352798053527981
12/31/2022,0.04,0.96,0.5352798053527981
12/31/2022,0.05,0.95,0.537712895377129
12/31/2022,0.06,0.94,0.5304136253041363
12/31/2022,0.07,0.9299999999999999,0.5279805352798054
12/31/2022,0.08,0.92,0.5304136253041363
12/31/2022,0.09,0.91,0.5182481751824818
12/31/2022,0.1,0.9,0.51338199513382
12/31/2022,0.11,0.89,0.5060827250608273
12/31/2022,0.12,0.88,0.5012165450121655
12/31/2022,0.13,0.87,0.49635036496350365
12/31/2022,0.14,0.86,0.48661800486618007
12/31/2022,0.15,0.85,0.49148418491484186
12/31/2022,0.16,0.84,0.48175182481751827
12/31/2022,0.17,0.83,0.48175182481751827
12/31/2022,0.18,0.8200000000000001,0.4744525547445255
12/31/2022,0.19,0.81,0.4768856447688564
12/31/2022,0.2,0.8,0.4744525547445255
12/31/2022,0.21,0.79,0.4793187347931874
12/31/2022,0.22,0.78,0.4793187347931874
12/31/2022,0.23,0.77,0.48418491484184917
12/31/2022,0.24,0.76,0.48418491484184917
12/31/2022,0.25,0.75,0.48418491484184917
12/31/2022,0.26,0.74,0.48418491484184917
12/31/2022,0.27,0.73,0.48418491484184917
12/31/2022,0.28,0.72,0.48661800486618007
12/31/2022,0.29,0.71,0.48661800486618007
12/31/2022,0.3,0.7,0.48661800486618007
12/31/2022,0.31,0.69,0.48175182481751827
12/31/2022,0.32,0.6799999999999999,0.48175182481751827
12/31/2022,0.33,0.6699999999999999,0.48418491484184917
12/31/2022,0.34,0.6599999999999999,0.4793187347931874
12/31/2022,0.35,0.65,0.4793187347931874
12/31/2022,0.36,0.64,0.4768856447688564
12/31/2022,0.37,0.63,0.48175182481751827
12/31/2022,0.38,0.62,0.4768856447688564
12/31/2022,0.39,0.61,0.48175182481751827
12/31/2022,0.4,0.6,0.48175182481751827
12/31/2022,0.41,0.5900000000000001,0.48175182481751827
12/31/2022,0.42,0.5800000000000001,0.48905109489051096
12/31/2022,0.43,0.5700000000000001,0.48905109489051096
12/31/2022,0.44,0.56,0.48905109489051096
12/31/2022,0.45,0.55,0.48418491484184917
12/31/2022,0.46,0.54,0.48175182481751827
12/31/2022,0.47,0.53,0.4793187347931874
12/31/2022,0.48,0.52,0.4793187347931874
12/31/2022,0.49,0.51,0.4768856447688564
12/31/2022,0.5,0.5,0.4768856447688564
12/31/2022,0.51,0.49,0.4744525547445255
12/31/2022,0.52,0.48,0.48175182481751827
12/31/2022,0.53,0.47,0.4768856447688564
12/31/2022,0.54,0.45999999999999996,0.4768856447688564
12/31/2022,0.55,0.44999999999999996,0.4744525547445255
12/31/2022,0.56,0.43999999999999995,0.4720194647201946
12/31/2022,0.57,0.43000000000000005,0.46958637469586373
12/31/2022,0.58,0.42000000000000004,0.46958637469586373
12/31/2022,0.59,0.41000000000000003,0.46715328467153283
12/31/2022,0.6,0.4,0.45985401459854014
12/31/2022,0.61,0.39,0.45985401459854014
12/31/2022,0.62,0.38,0.45985401459854014
12/31/2022,0.63,0.37,0.45985401459854014
12/31/2022,0.64,0.36,0.45985401459854014
12/31/2022,0.65,0.35,0.45985401459854014
12/31/2022,0.66,0.33999999999999997,0.45985401459854014
12/31/2022,0.67,0.32999999999999996,0.46228710462287104
12/31/2022,0.68,0.31999999999999995,0.46228710462287104
12/31/2022,0.69,0.31000000000000005,0.45985401459854014
12/31/2022,0.7,0.30000000000000004,0.45985401459854014
12/31/2022,0.71,0.29000000000000004,0.45985401459854014
12/31/2022,0.72,0.28,0.45985401459854014
12/31/2022,0.73,0.27,0.46228710462287104
12/31/2022,0.74,0.26,0.46228710462287104
12/31/2022,0.75,0.25,0.46228710462287104
12/31/2022,0.76,0.24,0.46228710462287104
12/31/2022,0.77,0.22999999999999998,0.46228710462287104
12/31/2022,0.78,0.21999999999999997,0.46228710462287104
12/31/2022,0.79,0.20999999999999996,0.45985401459854014
12/31/2022,0.8,0.19999999999999996,0.45742092457420924
12/31/2022,0.81,0.18999999999999995,0.45742092457420924
12/31/2022,0.82,0.18000000000000005,0.45742092457420924
12/31/2022,0.83,0.17000000000000004,0.45742092457420924
12/31/2022,0.84,0.16000000000000003,0.45742092457420924
12/31/2022,0.85,0.15000000000000002,0.45985401459854014
12/31/2022,0.86,0.14,0.45985401459854014
12/31/2022,0.87,0.13,0.45985401459854014
12/31/2022,0.88,0.12,0.45985401459854014
12/31/2022,0.89,0.10999999999999999,0.45985401459854014
12/31/2022,0.9,0.09999999999999998,0.46228710462287104
12/31/2022,0.91,0.08999999999999997,0.45985401459854014
12/31/2022,0.92,0.07999999999999996,0.45985401459854014
12/31/2022,0.93,0.06999999999999995,0.45985401459854014
12/31/2022,0.94,0.06000000000000005,0.45742092457420924
12/31/2022,0.95,0.050000000000000044,0.45742092457420924
12/31/2022,0.96,0.040000000000000036,0.45742092457420924
12/31/2022,0.97,0.030000000000000027,0.45742092457420924
12/31/2022,0.98,0.020000000000000018,0.45742092457420924
12/31/2022,0.99,0.010000000000000009,0.45742092457420924
7/1/2022,0.0,1.0,0.5106382978723404
7/1/2022,0.01,0.99,0.5094882116158712
7/1/2022,0.02,0.98,0.5129384703852788
7/1/2022,0.03,0.97,0.5089131684876366
7/1/2022,0.04,0.96,0.5066129959746981
7/1/2022,0.05,0.95,0.5066129959746981
7/1/2022,0.06,0.94,0.5089131684876366
7/1/2022,0.07,0.9299999999999999,0.5066129959746981
7/1/2022,0.08,0.92,0.5048878665899943
7/1/2022,0.09,0.91,0.5083381253594019
7/1/2022,0.1,0.9,0.5060379528464635
7/1/2022,0.11,0.89,0.5054629097182288
7/1/2022,0.12,0.88,0.5043128234617597
7/1/2022,0.13,0.87,0.5066129959746981
7/1/2022,0.14,0.86,0.5071880391029328
7/1/2022,0.15,0.85,0.5089131684876366
7/1/2022,0.16,0.84,0.5083381253594019
7/1/2022,0.17,0.83,0.5123634272570443
7/1/2022,0.18,0.8200000000000001,0.5089131684876366
7/1/2022,0.19,0.81,0.5123634272570443
7/1/2022,0.2,0.8,0.5152386428982174
7/1/2022,0.21,0.79,0.5094882116158712
7/1/2022,0.22,0.78,0.5089131684876366
7/1/2022,0.23,0.77,0.5071880391029328
7/1/2022,0.24,0.76,0.5048878665899943
7/1/2022,0.25,0.75,0.5048878665899943
7/1/2022,0.26,0.74,0.5048878665899943
7/1/2022,0.27,0.73,0.5048878665899943
7/1/2022,0.28,0.72,0.5066129959746981
7/1/2022,0.29,0.71,0.5020126509488212
7/1/2022,0.3,0.7,0.503737780333525
7/1/2022,0.31,0.69,0.5031627372052904
7/1/2022,0.32,0.6799999999999999,0.5031627372052904
7/1/2022,0.33,0.6699999999999999,0.5043128234617597
7/1/2022,0.34,0.6599999999999999,0.5071880391029328
7/1/2022,0.35,0.65,0.5071880391029328
7/1/2022,0.36,0.64,0.5089131684876366
7/1/2022,0.37,0.63,0.5129384703852788
7/1/2022,0.38,0.62,0.5123634272570443
7/1/2022,0.39,0.61,0.5117883841288097
7/1/2022,0.4,0.6,0.5117883841288097
7/1/2022,0.41,0.5900000000000001,0.5100632547441059
7/1/2022,0.42,0.5800000000000001,0.5089131684876366
7/1/2022,0.43,0.5700000000000001,0.5100632547441059
7/1/2022,0.44,0.56,0.5094882116158712
7/1/2022,0.45,0.55,0.5083381253594019
7/1/2022,0.46,0.54,0.5071880391029328
7/1/2022,0.47,0.53,0.5066129959746981
7/1/2022,0.48,0.52,0.5048878665899943
7/1/2022,0.49,0.51,0.5071880391029328
7/1/2022,0.5,0.5,0.5089131684876366
7/1/2022,0.51,0.49,0.5100632547441059
7/1/2022,0.52,0.48,0.5089131684876366
7/1/2022,0.53,0.47,0.5089131684876366
7/1/2022,0.54,0.45999999999999996,0.5106382978723404
7/1/2022,0.55,0.44999999999999996,0.5094882116158712
7/1/2022,0.56,0.43999999999999995,0.5089131684876366
7/1/2022,0.57,0.43000000000000005,0.5089131684876366
7/1/2022,0.58,0.42000000000000004,0.5083381253594019
7/1/2022,0.59,0.41000000000000003,0.5094882116158712
7/1/2022,0.6,0.4,0.5100632547441059
7/1/2022,0.61,0.39,0.5106382978723404
7/1/2022,0.62,0.38,0.5106382978723404
7/1/2022,0.63,0.37,0.5106382978723404
7/1/2022,0.64,0.36,0.5106382978723404
7/1/2022,0.65,0.35,0.5106382978723404
7/1/2022,0.66,0.33999999999999997,0.511213341000575
7/1/2022,0.67,0.32999999999999996,0.511213341000575
7/1/2022,0.68,0.31999999999999995,0.5106382978723404
7/1/2022,0.69,0.31000000000000005,0.5094882116158712
7/1/2022,0.7,0.30000000000000004,0.5094882116158712
7/1/2022,0.71,0.29000000000000004,0.5094882116158712
7/1/2022,0.72,0.28,0.5100632547441059
7/1/2022,0.73,0.27,0.5089131684876366
7/1/2022,0.74,0.26,0.5089131684876366
7/1/2022,0.75,0.25,0.5083381253594019
7/1/2022,0.76,0.24,0.5083381253594019
7/1/2022,0.77,0.22999999999999998,0.5083381253594019
7/1/2022,0.78,0.21999999999999997,0.5089131684876366
7/1/2022,0.79,0.20999999999999996,0.5089131684876366
7/1/2022,0.8,0.19999999999999996,0.5094882116158712
7/1/2022,0.81,0.18999999999999995,0.5094882116158712
7/1/2022,0.82,0.18000000000000005,0.5089131684876366
7/1/2022,0.83,0.17000000000000004,0.5083381253594019
7/1/2022,0.84,0.16000000000000003,0.5083381253594019
7/1/2022,0.85,0.15000000000000002,0.5077630822311673
7/1/2022,0.86,0.14,0.5083381253594019
7/1/2022,0.87,0.13,0.5077630822311673
7/1/2022,0.88,0.12,0.5071880391029328
7/1/2022,0.89,0.10999999999999999,0.5066129959746981
7/1/2022,0.9,0.09999999999999998,0.5071880391029328
7/1/2022,0.91,0.08999999999999997,0.5071880391029328
7/1/2022,0.92,0.07999999999999996,0.5071880391029328
7/1/2022,0.93,0.06999999999999995,0.5077630822311673
7/1/2022,0.94,0.06000000000000005,0.5083381253594019
7/1/2022,0.95,0.050000000000000044,0.5077630822311673
7/1/2022,0.96,0.040000000000000036,0.5083381253594019
7/1/2022,0.97,0.030000000000000027,0.5083381253594019
7/1/2022,0.98,0.020000000000000018,0.5083381253594019
7/1/2022,0.99,0.010000000000000009,0.5083381253594019
12/31/2021,0.0,1.0,0.5163194444444444
12/31/2021,0.01,0.99,0.5163194444444444
12/31/2021,0.02,0.98,0.5170138888888889
12/31/2021,0.03,0.97,0.515625
12/31/2021,0.04,0.96,0.5166666666666667
12/31/2021,0.05,0.95,0.51875
12/31/2021,0.06,0.94,0.51875
12/31/2021,0.07,0.9299999999999999,0.5184027777777778
12/31/2021,0.08,0.92,0.5149305555555556
12/31/2021,0.09,0.91,0.5152777777777777
12/31/2021,0.1,0.9,0.5152777777777777
12/31/2021,0.11,0.89,0.5177083333333333
12/31/2021,0.12,0.88,0.51875
12/31/2021,0.13,0.87,0.5184027777777778
12/31/2021,0.14,0.86,0.515625
12/31/2021,0.15,0.85,0.5177083333333333
12/31/2021,0.16,0.84,0.5197916666666667
12/31/2021,0.17,0.83,0.5229166666666667
12/31/2021,0.18,0.8200000000000001,0.5222222222222223
12/31/2021,0.19,0.81,0.5208333333333334
12/31/2021,0.2,0.8,0.5204861111111111
12/31/2021,0.21,0.79,0.5190972222222222
12/31/2021,0.22,0.78,0.5211805555555555
12/31/2021,0.23,0.77,0.5201388888888889
12/31/2021,0.24,0.76,0.5201388888888889
12/31/2021,0.25,0.75,0.5197916666666667
12/31/2021,0.26,0.74,0.51875
12/31/2021,0.27,0.73,0.5184027777777778
12/31/2021,0.28,0.72,0.5197916666666667
12/31/2021,0.29,0.71,0.5190972222222222
12/31/2021,0.3,0.7,0.5201388888888889
12/31/2021,0.31,0.69,0.5190972222222222
12/31/2021,0.32,0.6799999999999999,0.5190972222222222
12/31/2021,0.33,0.6699999999999999,0.5180555555555556
12/31/2021,0.34,0.6599999999999999,0.5180555555555556
12/31/2021,0.35,0.65,0.5173611111111112
12/31/2021,0.36,0.64,0.5177083333333333
12/31/2021,0.37,0.63,0.5180555555555556
12/31/2021,0.38,0.62,0.51875
12/31/2021,0.39,0.61,0.5194444444444445
12/31/2021,0.4,0.6,0.5184027777777778
12/31/2021,0.41,0.5900000000000001,0.5184027777777778
12/31/2021,0.42,0.5800000000000001,0.5197916666666667
12/31/2021,0.43,0.5700000000000001,0.5197916666666667
12/31/2021,0.44,0.56,0.5208333333333334
12/31/2021,0.45,0.55,0.5211805555555555
12/31/2021,0.46,0.54,0.5215277777777778
12/31/2021,0.47,0.53,0.5204861111111111
12/31/2021,0.48,0.52,0.5211805555555555
12/31/2021,0.49,0.51,0.5215277777777778
12/31/2021,0.5,0.5,0.5222222222222223
12/31/2021,0.51,0.49,0.5229166666666667
12/31/2021,0.52,0.48,0.5229166666666667
12/31/2021,0.53,0.47,0.5236111111111111
12/31/2021,0.54,0.45999999999999996,0.5225694444444444
12/31/2021,0.55,0.44999999999999996,0.521875
12/31/2021,0.56,0.43999999999999995,0.5222222222222223
12/31/2021,0.57,0.43000000000000005,0.5208333333333334
12/31/2021,0.58,0.42000000000000004,0.5222222222222223
12/31/2021,0.59,0.41000000000000003,0.5222222222222223
12/31/2021,0.6,0.4,0.521875
12/31/2021,0.61,0.39,0.521875
12/31/2021,0.62,0.38,0.521875
12/31/2021,0.63,0.37,0.5211805555555555
12/31/2021,0.64,0.36,0.5211805555555555
12/31/2021,0.65,0.35,0.5215277777777778
12/31/2021,0.66,0.33999999999999997,0.521875
12/31/2021,0.67,0.32999999999999996,0.521875
12/31/2021,0.68,0.31999999999999995,0.5229166666666667
12/31/2021,0.69,0.31000000000000005,0.5225694444444444
12/31/2021,0.7,0.30000000000000004,0.5222222222222223
12/31/2021,0.71,0.29000000000000004,0.5225694444444444
12/31/2021,0.72,0.28,0.5225694444444444
12/31/2021,0.73,0.27,0.5229166666666667
12/31/2021,0.74,0.26,0.5236111111111111
12/31/2021,0.75,0.25,0.5232638888888889
12/31/2021,0.76,0.24,0.5225694444444444
12/31/2021,0.77,0.22999999999999998,0.5239583333333333
12/31/2021,0.78,0.21999999999999997,0.5236111111111111
12/31/2021,0.79,0.20999999999999996,0.5232638888888889
12/31/2021,0.8,0.19999999999999996,0.5236111111111111
12/31/2021,0.81,0.18999999999999995,0.5236111111111111
12/31/2021,0.82,0.18000000000000005,0.5239583333333333
12/31/2021,0.83,0.17000000000000004,0.5236111111111111
12/31/2021,0.84,0.16000000000000003,0.5236111111111111
12/31/2021,0.85,0.15000000000000002,0.5246527777777777
12/31/2021,0.86,0.14,0.525
12/31/2021,0.87,0.13,0.5239583333333333
12/31/2021,0.88,0.12,0.5239583333333333
12/31/2021,0.89,0.10999999999999999,0.5239583333333333
12/31/2021,0.9,0.09999999999999998,0.5239583333333333
12/31/2021,0.91,0.08999999999999997,0.5232638888888889
12/31/2021,0.92,0.07999999999999996,0.5236111111111111
12/31/2021,0.93,0.06999999999999995,0.5236111111111111
12/31/2021,0.94,0.06000000000000005,0.5236111111111111
12/31/2021,0.95,0.050000000000000044,0.5236111111111111
12/31/2021,0.96,0.040000000000000036,0.5243055555555556
12/31/2021,0.97,0.030000000000000027,0.5239583333333333
12/31/2021,0.98,0.020000000000000018,0.5239583333333333
12/31/2021,0.99,0.010000000000000009,0.5239583333333333
7/1/2021,0.0,1.0,0.5089285714285714
7/1/2021,0.01,0.99,0.507480694980695
7/1/2021,0.02,0.98,0.507480694980695
7/1/2021,0.03,0.97,0.5060328185328186
7/1/2021,0.04,0.96,0.5053088803088803
7/1/2021,0.05,0.95,0.5041023166023166
7/1/2021,0.06,0.94,0.5014478764478765
7/1/2021,0.07,0.9299999999999999,0.5014478764478765
7/1/2021,0.08,0.92,0.5036196911196911
7/1/2021,0.09,0.91,0.5057915057915058
7/1/2021,0.1,0.9,0.5062741312741312
7/1/2021,0.11,0.89,0.507480694980695
7/1/2021,0.12,0.88,0.5096525096525096
7/1/2021,0.13,0.87,0.5113416988416989
7/1/2021,0.14,0.86,0.5115830115830116
7/1/2021,0.15,0.85,0.513996138996139
7/1/2021,0.16,0.84,0.512065637065637
7/1/2021,0.17,0.83,0.5108590733590733
7/1/2021,0.18,0.8200000000000001,0.5132722007722008
7/1/2021,0.19,0.81,0.5147200772200772
7/1/2021,0.2,0.8,0.515926640926641
7/1/2021,0.21,0.79,0.5156853281853282
7/1/2021,0.22,0.78,0.5154440154440154
7/1/2021,0.23,0.77,0.5154440154440154
7/1/2021,0.24,0.76,0.5168918918918919
7/1/2021,0.25,0.75,0.5176158301158301
7/1/2021,0.26,0.74,0.5173745173745173
7/1/2021,0.27,0.73,0.519546332046332
7/1/2021,0.28,0.72,0.5207528957528957
7/1/2021,0.29,0.71,0.5193050193050193
7/1/2021,0.3,0.7,0.5197876447876448
7/1/2021,0.31,0.69,0.520511583011583
7/1/2021,0.32,0.6799999999999999,0.5209942084942085
7/1/2021,0.33,0.6699999999999999,0.5217181467181468
7/1/2021,0.34,0.6599999999999999,0.5219594594594594
7/1/2021,0.35,0.65,0.5226833976833977
7/1/2021,0.36,0.64,0.5229247104247104
7/1/2021,0.37,0.63,0.5236486486486487
7/1/2021,0.38,0.62,0.5246138996138996
7/1/2021,0.39,0.61,0.5229247104247104
7/1/2021,0.4,0.6,0.5234073359073359
7/1/2021,0.41,0.5900000000000001,0.5238899613899614
7/1/2021,0.42,0.5800000000000001,0.5248552123552124
7/1/2021,0.43,0.5700000000000001,0.5238899613899614
7/1/2021,0.44,0.56,0.5241312741312741
7/1/2021,0.45,0.55,0.5236486486486487
7/1/2021,0.46,0.54,0.5243725868725869
7/1/2021,0.47,0.53,0.5238899613899614
7/1/2021,0.48,0.52,0.5236486486486487
7/1/2021,0.49,0.51,0.5238899613899614
7/1/2021,0.5,0.5,0.5226833976833977
7/1/2021,0.51,0.49,0.5222007722007722
7/1/2021,0.52,0.48,0.5219594594594594
7/1/2021,0.53,0.47,0.5217181467181468
7/1/2021,0.54,0.45999999999999996,0.521476833976834
7/1/2021,0.55,0.44999999999999996,0.5207528957528957
7/1/2021,0.56,0.43999999999999995,0.5207528957528957
7/1/2021,0.57,0.43000000000000005,0.5219594594594594
7/1/2021,0.58,0.42000000000000004,0.5212355212355212
7/1/2021,0.59,0.41000000000000003,0.5209942084942085
7/1/2021,0.6,0.4,0.5212355212355212
7/1/2021,0.61,0.39,0.5231660231660231
7/1/2021,0.62,0.38,0.5236486486486487
7/1/2021,0.63,0.37,0.5236486486486487
7/1/2021,0.64,0.36,0.5236486486486487
7/1/2021,0.65,0.35,0.5229247104247104
7/1/2021,0.66,0.33999999999999997,0.5234073359073359
7/1/2021,0.67,0.32999999999999996,0.5236486486486487
7/1/2021,0.68,0.31999999999999995,0.5234073359073359
7/1/2021,0.69,0.31000000000000005,0.5226833976833977
7/1/2021,0.7,0.30000000000000004,0.5226833976833977
7/1/2021,0.71,0.29000000000000004,0.5231660231660231
7/1/2021,0.72,0.28,0.5238899613899614
7/1/2021,0.73,0.27,0.5236486486486487
7/1/2021,0.74,0.26,0.5243725868725869
7/1/2021,0.75,0.25,0.5238899613899614
7/1/2021,0.76,0.24,0.5229247104247104
7/1/2021,0.77,0.22999999999999998,0.5226833976833977
7/1/2021,0.78,0.21999999999999997,0.522442084942085
7/1/2021,0.79,0.20999999999999996,0.5222007722007722
7/1/2021,0.8,0.19999999999999996,0.5217181467181468
7/1/2021,0.81,0.18999999999999995,0.5217181467181468
7/1/2021,0.82,0.18000000000000005,0.521476833976834
7/1/2021,0.83,0.17000000000000004,0.5212355212355212
7/1/2021,0.84,0.16000000000000003,0.5212355212355212
7/1/2021,0.85,0.15000000000000002,0.520511583011583
7/1/2021,0.86,0.14,0.5202702702702703
7/1/2021,0.87,0.13,0.5207528957528957
7/1/2021,0.88,0.12,0.5212355212355212
7/1/2021,0.89,0.10999999999999999,0.521476833976834
7/1/2021,0.9,0.09999999999999998,0.5212355212355212
7/1/2021,0.91,0.08999999999999997,0.5212355212355212
7/1/2021,0.92,0.07999999999999996,0.5212355212355212
7/1/2021,0.93,0.06999999999999995,0.5217181467181468
7/1/2021,0.94,0.06000000000000005,0.5217181467181468
7/1/2021,0.95,0.050000000000000044,0.5217181467181468
7/1/2021,0.96,0.040000000000000036,0.5219594594594594
7/1/2021,0.97,0.030000000000000027,0.5219594594594594
7/1/2021,0.98,0.020000000000000018,0.521476833976834
7/1/2021,0.99,0.010000000000000009,0.5217181467181468
12/31/2020,0.0,1.0,0.5119805316360914
12/31/2020,0.01,0.99,0.510295769374766
12/31/2020,0.02,0.98,0.5110445526020218
12/31/2020,0.03,0.97,0.51048296518158
12/31/2020,0.04,0.96,0.510295769374766
12/31/2020,0.05,0.95,0.5091725945338824
12/31/2020,0.06,0.94,0.5095469861475103
12/31/2020,0.07,0.9299999999999999,0.5114189442156496
12/31/2020,0.08,0.92,0.5116061400224635
12/31/2020,0.09,0.91,0.5119805316360914
12/31/2020,0.1,0.9,0.5119805316360914
12/31/2020,0.11,0.89,0.5117933358292774
12/31/2020,0.12,0.88,0.5123549232497192
12/31/2020,0.13,0.87,0.512916510670161
12/31/2020,0.14,0.86,0.5121677274429053
12/31/2020,0.15,0.85,0.5123549232497192
12/31/2020,0.16,0.84,0.512916510670161
12/31/2020,0.17,0.83,0.5136652938974167
12/31/2020,0.18,0.8200000000000001,0.512916510670161
12/31/2020,0.19,0.81,0.512916510670161
12/31/2020,0.2,0.8,0.5119805316360914
12/31/2020,0.21,0.79,0.512916510670161
12/31/2020,0.22,0.78,0.5131037064769749
12/31/2020,0.23,0.77,0.5147884687383003
12/31/2020,0.24,0.76,0.5153500561587421
12/31/2020,0.25,0.75,0.5172220142268813
12/31/2020,0.26,0.74,0.5174092100336952
12/31/2020,0.27,0.73,0.5183451890677648
12/31/2020,0.28,0.72,0.5185323848745788
12/31/2020,0.29,0.71,0.5192811681018346
12/31/2020,0.3,0.7,0.5190939722950206
12/31/2020,0.31,0.69,0.5198427555222763
12/31/2020,0.32,0.6799999999999999,0.5190939722950206
12/31/2020,0.33,0.6699999999999999,0.5181579932609509
12/31/2020,0.34,0.6599999999999999,0.5192811681018346
12/31/2020,0.35,0.65,0.5185323848745788
12/31/2020,0.36,0.64,0.517970797454137
12/31/2020,0.37,0.63,0.5185323848745788
12/31/2020,0.38,0.62,0.5189067764882067
12/31/2020,0.39,0.61,0.5187195806813928
12/31/2020,0.4,0.6,0.517970797454137
12/31/2020,0.41,0.5900000000000001,0.5174092100336952
12/31/2020,0.42,0.5800000000000001,0.5175964058405091
12/31/2020,0.43,0.5700000000000001,0.5190939722950206
12/31/2020,0.44,0.56,0.5185323848745788
12/31/2020,0.45,0.55,0.5175964058405091
12/31/2020,0.46,0.54,0.5172220142268813
12/31/2020,0.47,0.53,0.5183451890677648
12/31/2020,0.48,0.52,0.5187195806813928
12/31/2020,0.49,0.51,0.5192811681018346
12/31/2020,0.5,0.5,0.5189067764882067
12/31/2020,0.51,0.49,0.5183451890677648
12/31/2020,0.52,0.48,0.5172220142268813
12/31/2020,0.53,0.47,0.5166604268064395
12/31/2020,0.54,0.45999999999999996,0.5174092100336952
12/31/2020,0.55,0.44999999999999996,0.5170348184200674
12/31/2020,0.56,0.43999999999999995,0.5166604268064395
12/31/2020,0.57,0.43000000000000005,0.5168476226132535
12/31/2020,0.58,0.42000000000000004,0.5160988393859978
12/31/2020,0.59,0.41000000000000003,0.5168476226132535
12/31/2020,0.6,0.4,0.5174092100336952
12/31/2020,0.61,0.39,0.5172220142268813
12/31/2020,0.62,0.38,0.5164732309996256
12/31/2020,0.63,0.37,0.517970797454137
12/31/2020,0.64,0.36,0.517970797454137
12/31/2020,0.65,0.35,0.5175964058405091
12/31/2020,0.66,0.33999999999999997,0.5177836016473231
12/31/2020,0.67,0.32999999999999996,0.5181579932609509
12/31/2020,0.68,0.31999999999999995,0.517970797454137
12/31/2020,0.69,0.31000000000000005,0.5175964058405091
12/31/2020,0.7,0.30000000000000004,0.5177836016473231
12/31/2020,0.71,0.29000000000000004,0.5181579932609509
12/31/2020,0.72,0.28,0.5181579932609509
12/31/2020,0.73,0.27,0.517970797454137
12/31/2020,0.74,0.26,0.5175964058405091
12/31/2020,0.75,0.25,0.5175964058405091
12/31/2020,0.76,0.24,0.5172220142268813
12/31/2020,0.77,0.22999999999999998,0.5174092100336952
12/31/2020,0.78,0.21999999999999997,0.5175964058405091
12/31/2020,0.79,0.20999999999999996,0.5168476226132535
12/31/2020,0.8,0.19999999999999996,0.5166604268064395
12/31/2020,0.81,0.18999999999999995,0.5172220142268813
12/31/2020,0.82,0.18000000000000005,0.5172220142268813
12/31/2020,0.83,0.17000000000000004,0.5172220142268813
12/31/2020,0.84,0.16000000000000003,0.5175964058405091
12/31/2020,0.85,0.15000000000000002,0.5166604268064395
12/31/2020,0.86,0.14,0.5162860351928117
12/31/2020,0.87,0.13,0.5164732309996256
12/31/2020,0.88,0.12,0.5162860351928117
12/31/2020,0.89,0.10999999999999999,0.5162860351928117
12/31/2020,0.9,0.09999999999999998,0.5160988393859978
12/31/2020,0.91,0.08999999999999997,0.5162860351928117
12/31/2020,0.92,0.07999999999999996,0.5159116435791838
12/31/2020,0.93,0.06999999999999995,0.5157244477723699
12/31/2020,0.94,0.06000000000000005,0.5157244477723699
12/31/2020,0.95,0.050000000000000044,0.5159116435791838
12/31/2020,0.96,0.040000000000000036,0.5157244477723699
12/31/2020,0.97,0.030000000000000027,0.515537251965556
12/31/2020,0.98,0.020000000000000018,0.515537251965556
12/31/2020,0.99,0.010000000000000009,0.515537251965556
7/1/2020,0.0,1.0,0.5114431023521933
7/1/2020,0.01,0.99,0.5106484424666243
7/1/2020,0.02,0.98,0.512396694214876
7/1/2020,0.03,0.97,0.5127145581691036
7/1/2020,0.04,0.96,0.5128734901462174
7/1/2020,0.05,0.95,0.513986013986014
7/1/2020,0.06,0.94,0.5135092180546726
7/1/2020,0.07,0.9299999999999999,0.5133502860775588
7/1/2020,0.08,0.92,0.5143038779402416
7/1/2020,0.09,0.91,0.5136681500317863
7/1/2020,0.1,0.9,0.5135092180546726
7/1/2020,0.11,0.89,0.5128734901462174
7/1/2020,0.12,0.88,0.513986013986014
7/1/2020,0.13,0.87,0.5138270820089001
7/1/2020,0.14,0.86,0.5133502860775588
7/1/2020,0.15,0.85,0.5127145581691036
7/1/2020,0.16,0.84,0.5109663064208518
7/1/2020,0.17,0.83,0.5106484424666243
7/1/2020,0.18,0.8200000000000001,0.5119198982835347
7/1/2020,0.19,0.81,0.5104895104895105
7/1/2020,0.2,0.8,0.5114431023521933
7/1/2020,0.21,0.79,0.5114431023521933
7/1/2020,0.22,0.78,0.5122377622377622
7/1/2020,0.23,0.77,0.5135092180546726
7/1/2020,0.24,0.76,0.5146217418944692
7/1/2020,0.25,0.75,0.5150985378258105
7/1/2020,0.26,0.74,0.5162110616656072
7/1/2020,0.27,0.73,0.5157342657342657
7/1/2020,0.28,0.72,0.5155753337571519
7/1/2020,0.29,0.71,0.5150985378258105
7/1/2020,0.3,0.7,0.5152574698029243
7/1/2020,0.31,0.69,0.5138270820089001
7/1/2020,0.32,0.6799999999999999,0.5138270820089001
7/1/2020,0.33,0.6699999999999999,0.5127145581691036
7/1/2020,0.34,0.6599999999999999,0.5127145581691036
7/1/2020,0.35,0.65,0.5122377622377622
7/1/2020,0.36,0.64,0.5122377622377622
7/1/2020,0.37,0.63,0.5127145581691036
7/1/2020,0.38,0.62,0.512396694214876
7/1/2020,0.39,0.61,0.512396694214876
7/1/2020,0.4,0.6,0.5125556261919898
7/1/2020,0.41,0.5900000000000001,0.5114431023521933
7/1/2020,0.42,0.5800000000000001,0.5122377622377622
7/1/2020,0.43,0.5700000000000001,0.5120788302606485
7/1/2020,0.44,0.56,0.512396694214876
7/1/2020,0.45,0.55,0.5130324221233312
7/1/2020,0.46,0.54,0.5119198982835347
7/1/2020,0.47,0.53,0.5116020343293071
7/1/2020,0.48,0.52,0.5120788302606485
7/1/2020,0.49,0.51,0.5112841703750794
7/1/2020,0.5,0.5,0.5112841703750794
7/1/2020,0.51,0.49,0.5106484424666243
7/1/2020,0.52,0.48,0.5117609663064209
7/1/2020,0.53,0.47,0.5116020343293071
7/1/2020,0.54,0.45999999999999996,0.510807374443738
7/1/2020,0.55,0.44999999999999996,0.5112841703750794
7/1/2020,0.56,0.43999999999999995,0.5116020343293071
7/1/2020,0.57,0.43000000000000005,0.5116020343293071
7/1/2020,0.58,0.42000000000000004,0.5114431023521933
7/1/2020,0.59,0.41000000000000003,0.5117609663064209
7/1/2020,0.6,0.4,0.5119198982835347
7/1/2020,0.61,0.39,0.5120788302606485
7/1/2020,0.62,0.38,0.5119198982835347
7/1/2020,0.63,0.37,0.5120788302606485
7/1/2020,0.64,0.36,0.5114431023521933
7/1/2020,0.65,0.35,0.512396694214876
7/1/2020,0.66,0.33999999999999997,0.5120788302606485
7/1/2020,0.67,0.32999999999999996,0.5117609663064209
7/1/2020,0.68,0.31999999999999995,0.5119198982835347
7/1/2020,0.69,0.31000000000000005,0.5119198982835347
7/1/2020,0.7,0.30000000000000004,0.5119198982835347
7/1/2020,0.71,0.29000000000000004,0.5116020343293071
7/1/2020,0.72,0.28,0.5117609663064209
7/1/2020,0.73,0.27,0.5117609663064209
7/1/2020,0.74,0.26,0.5119198982835347
7/1/2020,0.75,0.25,0.512396694214876
7/1/2020,0.76,0.24,0.5127145581691036
7/1/2020,0.77,0.22999999999999998,0.5114431023521933
7/1/2020,0.78,0.21999999999999997,0.5112841703750794
7/1/2020,0.79,0.20999999999999996,0.5112841703750794
7/1/2020,0.8,0.19999999999999996,0.5127145581691036
7/1/2020,0.81,0.18999999999999995,0.5127145581691036
7/1/2020,0.82,0.18000000000000005,0.5128734901462174
7/1/2020,0.83,0.17000000000000004,0.5130324221233312
7/1/2020,0.84,0.16000000000000003,0.5125556261919898
7/1/2020,0.85,0.15000000000000002,0.5127145581691036
7/1/2020,0.86,0.14,0.5127145581691036
7/1/2020,0.87,0.13,0.513191354100445
7/1/2020,0.88,0.12,0.5127145581691036
7/1/2020,0.89,0.10999999999999999,0.5127145581691036
7/1/2020,0.9,0.09999999999999998,0.5127145581691036
7/1/2020,0.91,0.08999999999999997,0.5127145581691036
7/1/2020,0.92,0.07999999999999996,0.5127145581691036
7/1/2020,0.93,0.06999999999999995,0.5127145581691036
7/1/2020,0.94,0.06000000000000005,0.5122377622377622
7/1/2020,0.95,0.050000000000000044,0.512396694214876
7/1/2020,0.96,0.040000000000000036,0.512396694214876
7/1/2020,0.97,0.030000000000000027,0.5125556261919898
7/1/2020,0.98,0.020000000000000018,0.5127145581691036
7/1/2020,0.99,0.010000000000000009,0.5127145581691036
12/31/2019,0.0,1.0,0.5114431023521933
12/31/2019,0.01,0.99,0.5106484424666243
12/31/2019,0.02,0.98,0.512396694214876
12/31/2019,0.03,0.97,0.5127145581691036
12/31/2019,0.04,0.96,0.5128734901462174
12/31/2019,0.05,0.95,0.513986013986014
12/31/2019,0.06,0.94,0.5135092180546726
12/31/2019,0.07,0.9299999999999999,0.5133502860775588
12/31/2019,0.08,0.92,0.5143038779402416
12/31/2019,0.09,0.91,0.5136681500317863
12/31/2019,0.1,0.9,0.5135092180546726
12/31/2019,0.11,0.89,0.5128734901462174
12/31/2019,0.12,0.88,0.513986013986014
12/31/2019,0.13,0.87,0.5138270820089001
12/31/2019,0.14,0.86,0.5133502860775588
12/31/2019,0.15,0.85,0.5127145581691036
12/31/2019,0.16,0.84,0.5109663064208518
12/31/2019,0.17,0.83,0.5106484424666243
12/31/2019,0.18,0.8200000000000001,0.5119198982835347
12/31/2019,0.19,0.81,0.5104895104895105
12/31/2019,0.2,0.8,0.5114431023521933
12/31/2019,0.21,0.79,0.5114431023521933
12/31/2019,0.22,0.78,0.5122377622377622
12/31/2019,0.23,0.77,0.5135092180546726
12/31/2019,0.24,0.76,0.5146217418944692
12/31/2019,0.25,0.75,0.5150985378258105
12/31/2019,0.26,0.74,0.5162110616656072
12/31/2019,0.27,0.73,0.5157342657342657
12/31/2019,0.28,0.72,0.5155753337571519
12/31/2019,0.29,0.71,0.5150985378258105
12/31/2019,0.3,0.7,0.5152574698029243
12/31/2019,0.31,0.69,0.5138270820089001
12/31/2019,0.32,0.6799999999999999,0.5138270820089001
12/31/2019,0.33,0.6699999999999999,0.5127145581691036
12/31/2019,0.34,0.6599999999999999,0.5127145581691036
12/31/2019,0.35,0.65,0.5122377622377622
12/31/2019,0.36,0.64,0.5122377622377622
12/31/2019,0.37,0.63,0.5127145581691036
12/31/2019,0.38,0.62,0.512396694214876
12/31/2019,0.39,0.61,0.512396694214876
12/31/2019,0.4,0.6,0.5125556261919898
12/31/2019,0.41,0.5900000000000001,0.5114431023521933
12/31/2019,0.42,0.5800000000000001,0.5122377622377622
12/31/2019,0.43,0.5700000000000001,0.5120788302606485
12/31/2019,0.44,0.56,0.512396694214876
12/31/2019,0.45,0.55,0.5130324221233312
12/31/2019,0.46,0.54,0.5119198982835347
12/31/2019,0.47,0.53,0.5116020343293071
12/31/2019,0.48,0.52,0.5120788302606485
12/31/2019,0.49,0.51,0.5112841703750794
12/31/2019,0.5,0.5,0.5112841703750794
12/31/2019,0.51,0.49,0.5106484424666243
12/31/2019,0.52,0.48,0.5117609663064209
12/31/2019,0.53,0.47,0.5116020343293071
12/31/2019,0.54,0.45999999999999996,0.510807374443738
12/31/2019,0.55,0.44999999999999996,0.5112841703750794
12/31/2019,0.56,0.43999999999999995,0.5116020343293071
12/31/2019,0.57,0.43000000000000005,0.5116020343293071
12/31/2019,0.58,0.42000000000000004,0.5114431023521933
12/31/2019,0.59,0.41000000000000003,0.5117609663064209
12/31/2019,0.6,0.4,0.5119198982835347
12/31/2019,0.61,0.39,0.5120788302606485
12/31/2019,0.62,0.38,0.5119198982835347
12/31/2019,0.63,0.37,0.5120788302606485
12/31/2019,0.64,0.36,0.5114431023521933
12/31/2019,0.65,0.35,0.512396694214876
12/31/2019,0.66,0.33999999999999997,0.5120788302606485
12/31/2019,0.67,0.32999999999999996,0.5117609663064209
12/31/2019,0.68,0.31999999999999995,0.5119198982835347
12/31/2019,0.69,0.31000000000000005,0.5119198982835347
12/31/2019,0.7,0.30000000000000004,0.5119198982835347
12/31/2019,0.71,0.29000000000000004,0.5116020343293071
12/31/2019,0.72,0.28,0.5117609663064209
12/31/2019,0.73,0.27,0.5117609663064209
12/31/2019,0.74,0.26,0.5119198982835347
12/31/2019,0.75,0.25,0.512396694214876
12/31/2019,0.76,0.24,0.5127145581691036
12/31/2019,0.77,0.22999999999999998,0.5114431023521933
12/31/2019,0.78,0.21999999999999997,0.5112841703750794
12/31/2019,0.79,0.20999999999999996,0.5112841703750794
12/31/2019,0.8,0.19999999999999996,0.5127145581691036
12/31/2019,0.81,0.18999999999999995,0.5127145581691036
12/31/2019,0.82,0.18000000000000005,0.5128734901462174
12/31/2019,0.83,0.17000000000000004,0.5130324221233312
12/31/2019,0.84,0.16000000000000003,0.5125556261919898
12/31/2019,0.85,0.15000000000000002,0.5127145581691036
12/31/2019,0.86,0.14,0.5127145581691036
12/31/2019,0.87,0.13,0.513191354100445
12/31/2019,0.88,0.12,0.5127145581691036
12/31/2019,0.89,0.10999999999999999,0.5127145581691036
12/31/2019,0.9,0.09999999999999998,0.5127145581691036
12/31/2019,0.91,0.08999999999999997,0.5127145581691036
12/31/2019,0.92,0.07999999999999996,0.5127145581691036
12/31/2019,0.93,0.06999999999999995,0.5127145581691036
12/31/2019,0.94,0.06000000000000005,0.5122377622377622
12/31/2019,0.95,0.050000000000000044,0.512396694214876
12/31/2019,0.96,0.040000000000000036,0.512396694214876
12/31/2019,0.97,0.030000000000000027,0.5125556261919898
12/31/2019,0.98,0.020000000000000018,0.5127145581691036
12/31/2019,0.99,0.010000000000000009,0.5127145581691036
7/1/2019,0.0,1.0,0.5085965613754498
7/1/2019,0.01,0.99,0.5087298413967746
7/1/2019,0.02,0.98,0.5092629614820738
7/1/2019,0.03,0.97,0.5096628015460483
7/1/2019,0.04,0.96,0.5092629614820738
7/1/2019,0.05,0.95,0.5105957616953218
7/1/2019,0.06,0.94,0.5103292016526723
7/1/2019,0.07,0.9299999999999999,0.5092629614820738
7/1/2019,0.08,0.92,0.5099293615886978
7/1/2019,0.09,0.91,0.5105957616953218
7/1/2019,0.1,0.9,0.5116620018659203
7/1/2019,0.11,0.89,0.5112621618019458
7/1/2019,0.12,0.88,0.5104624816739971
7/1/2019,0.13,0.87,0.5097960815673731
7/1/2019,0.14,0.86,0.5101959216313474
7/1/2019,0.15,0.85,0.5111288817806211
7/1/2019,0.16,0.84,0.5107290417166467
7/1/2019,0.17,0.83,0.5120618419298947
7/1/2019,0.18,0.8200000000000001,0.5124616819938691
7/1/2019,0.19,0.81,0.5123284019725444
7/1/2019,0.2,0.8,0.5124616819938691
7/1/2019,0.21,0.79,0.5123284019725444
7/1/2019,0.22,0.78,0.5136612021857924
7/1/2019,0.23,0.77,0.5136612021857924
7/1/2019,0.24,0.76,0.5143276022924164
7/1/2019,0.25,0.75,0.5147274423563908
7/1/2019,0.26,0.74,0.5140610422497668
7/1/2019,0.27,0.73,0.5128615220578435
7/1/2019,0.28,0.72,0.5131280821004931
7/1/2019,0.29,0.71,0.5121951219512195
7/1/2019,0.3,0.7,0.5113954418232707
7/1/2019,0.31,0.69,0.5117952818872451
7/1/2019,0.32,0.6799999999999999,0.5124616819938691
7/1/2019,0.33,0.6699999999999999,0.5121951219512195
7/1/2019,0.34,0.6599999999999999,0.5109956017592963
7/1/2019,0.35,0.65,0.5112621618019458
7/1/2019,0.36,0.64,0.5116620018659203
7/1/2019,0.37,0.63,0.512594962015194
7/1/2019,0.38,0.62,0.5129948020791684
7/1/2019,0.39,0.61,0.5124616819938691
7/1/2019,0.4,0.6,0.5124616819938691
7/1/2019,0.41,0.5900000000000001,0.5127282420365187
7/1/2019,0.42,0.5800000000000001,0.5113954418232707
7/1/2019,0.43,0.5700000000000001,0.5117952818872451
7/1/2019,0.44,0.56,0.5127282420365187
7/1/2019,0.45,0.55,0.5120618419298947
7/1/2019,0.46,0.54,0.512594962015194
7/1/2019,0.47,0.53,0.5117952818872451
7/1/2019,0.48,0.52,0.51192856190857
7/1/2019,0.49,0.51,0.5116620018659203
7/1/2019,0.5,0.5,0.5120618419298947
7/1/2019,0.51,0.49,0.5124616819938691
7/1/2019,0.52,0.48,0.5120618419298947
7/1/2019,0.53,0.47,0.5116620018659203
7/1/2019,0.54,0.45999999999999996,0.5116620018659203
7/1/2019,0.55,0.44999999999999996,0.5117952818872451
7/1/2019,0.56,0.43999999999999995,0.5121951219512195
7/1/2019,0.57,0.43000000000000005,0.51192856190857
7/1/2019,0.58,0.42000000000000004,0.51192856190857
7/1/2019,0.59,0.41000000000000003,0.512594962015194
7/1/2019,0.6,0.4,0.5127282420365187
7/1/2019,0.61,0.39,0.5123284019725444
7/1/2019,0.62,0.38,0.5124616819938691
7/1/2019,0.63,0.37,0.5124616819938691
7/1/2019,0.64,0.36,0.5129948020791684
7/1/2019,0.65,0.35,0.512594962015194
7/1/2019,0.66,0.33999999999999997,0.5124616819938691
7/1/2019,0.67,0.32999999999999996,0.5123284019725444
7/1/2019,0.68,0.31999999999999995,0.51192856190857
7/1/2019,0.69,0.31000000000000005,0.51192856190857
7/1/2019,0.7,0.30000000000000004,0.5120618419298947
7/1/2019,0.71,0.29000000000000004,0.5116620018659203
7/1/2019,0.72,0.28,0.51192856190857
7/1/2019,0.73,0.27,0.5120618419298947
7/1/2019,0.74,0.26,0.51192856190857
7/1/2019,0.75,0.25,0.51192856190857
7/1/2019,0.76,0.24,0.5123284019725444
7/1/2019,0.77,0.22999999999999998,0.5131280821004931
7/1/2019,0.78,0.21999999999999997,0.5135279221644675
7/1/2019,0.79,0.20999999999999996,0.5133946421431428
7/1/2019,0.8,0.19999999999999996,0.5133946421431428
7/1/2019,0.81,0.18999999999999995,0.5133946421431428
7/1/2019,0.82,0.18000000000000005,0.5133946421431428
7/1/2019,0.83,0.17000000000000004,0.5139277622284419
7/1/2019,0.84,0.16000000000000003,0.5137944822071171
7/1/2019,0.85,0.15000000000000002,0.5137944822071171
7/1/2019,0.86,0.14,0.5140610422497668
7/1/2019,0.87,0.13,0.5139277622284419
7/1/2019,0.88,0.12,0.5140610422497668
7/1/2019,0.89,0.10999999999999999,0.5145941623350659
7/1/2019,0.9,0.09999999999999998,0.5145941623350659
7/1/2019,0.91,0.08999999999999997,0.5141943222710915
7/1/2019,0.92,0.07999999999999996,0.5144608823137412
7/1/2019,0.93,0.06999999999999995,0.5140610422497668
7/1/2019,0.94,0.06000000000000005,0.5143276022924164
7/1/2019,0.95,0.050000000000000044,0.5147274423563908
7/1/2019,0.96,0.040000000000000036,0.5151272824203652
7/1/2019,0.97,0.030000000000000027,0.5152605624416899
7/1/2019,0.98,0.020000000000000018,0.5149940023990404
7/1/2019,0.99,0.010000000000000009,0.5148607223777156
